,tc_usd_dmt,tc_status,acid_cny_t,acid_usd_t,acid_status,cu_price,silver_price,margin_ex_acid,acid_contribution,total_margin,acid_cushion_ratio,cushion_loss_9w,cushion_loss_13w
2026-01-02,-45.0,cited-approx,919.5,132.3,cited-approx,12434.056505651472,70.55599975585938,-182.64482365456192,109.809,-72.83582365456192,2.4402,,
2026-01-09,-48.125,interpolated (grid-fill),921.25,132.6,interpolated (grid-fill),12909.152897777556,78.88400268554688,-180.50744030839147,110.05799999999999,-70.44944030839147,2.2869194805194804,,
2026-01-16,-51.25,interpolated (grid-fill),923.0,132.8,interpolated (grid-fill),12761.442499961851,88.09100341796875,-184.67873632949056,110.224,-74.45473632949057,2.1507121951219514,,
2026-01-23,-54.375,interpolated (grid-fill),924.75,133.1,interpolated (grid-fill),13031.508323812484,100.9250030517578,-184.40736494452463,110.47299999999998,-73.93436494452465,2.031687356321839,,
2026-01-30,-57.5,interpolated (grid-fill),926.5,133.3,interpolated (grid-fill),13000.64377837181,78.29000091552734,-188.97893341483103,110.63900000000001,-78.33993341483102,1.9241565217391305,,
2026-02-06,-60.625,interpolated (grid-fill),928.25,133.6,interpolated (grid-fill),12926.789630708694,76.73500061035156,-192.9349957362536,110.88799999999999,-82.04699573625362,1.829080412371134,,
2026-02-13,-63.75,interpolated (grid-fill),930.0,133.8,cited-approx,12770.261392049788,77.85099792480469,-197.6007839048518,111.054,-86.5467839048518,1.7420235294117647,,
2026-02-20,-66.875,interpolated (grid-fill),980.9166666666666,141.1,interpolated (grid-fill),12855.138892011642,82.28299713134766,-199.63843344491374,117.11299999999999,-82.52543344491377,1.7512224299065418,,
2026-02-27,-70.0,cited-approx,1031.8333333333333,148.5,interpolated (grid-fill),13237.640596570967,92.68199920654295,-198.34196595464886,123.255,-75.08696595464886,1.7607857142857142,,
2026-03-06,-71.45121951219512,interpolated (grid-fill),1082.75,155.8,interpolated (grid-fill),12691.997272720337,83.81600189208984,-205.80204723584305,129.314,-76.48804723584306,1.809822153951186,-0.6303778460488139,
2026-03-13,-72.90243902439025,interpolated (grid-fill),1133.6666666666667,163.1,interpolated (grid-fill),12598.300880670547,80.91400146484375,-208.35406996830838,135.373,-72.98106996830839,1.8569063231850116,-0.43001315733446877,
2026-03-20,-74.35365853658537,interpolated (grid-fill),1184.5833333333333,170.4,interpolated (grid-fill),11778.182812547682,69.36000061035156,-218.74819381808138,141.432,-77.31619381808139,1.9021525340331307,-0.24855966108882077,
2026-03-27,-75.8048780487805,interpolated (grid-fill),1235.5,177.8,cited-approx,12052.657556819917,69.54499816894531,-217.39052106076997,147.574,-69.81652106076996,1.9467612612612613,-0.08492609506057769,
2026-04-03,-77.2560975609756,interpolated (grid-fill),1341.75,196.2,interpolated (grid-fill),12264.301505727768,72.73500061035156,-216.52347217203467,162.84599999999998,-53.6774721720347,2.1078724546172056,0.18371593287807508,-0.3323275453827943
2026-04-10,-78.5,cited,1448.0,211.7,interpolated (grid-fill),12942.22190342903,76.3239974975586,-210.67313671014583,175.71099999999998,-34.96213671014584,2.238356687898089,0.4092762755269552,-0.04856279262139118
2026-04-17,-78.61,cited,1554.25,227.2,interpolated (grid-fill),13455.89792611122,81.73799896240234,-205.27294120554532,188.576,-16.69694120554533,2.3988805495484034,0.6568570201366386,0.2481683544264519
2026-04-24,-81.44,cited,1660.5,242.8,cited,13279.528494310378,76.38300323486328,-210.16965919629087,201.524,-8.645659196290865,2.47450884086444,0.7232864109578983,0.44282148454260106
2026-05-01,-88.57333333333334,interpolated (grid-fill),1662.0,243.0,interpolated (grid-fill),13077.80619321823,75.95099639892578,-219.38216034256095,201.69,-17.692160342560953,2.277096191479753,0.516310477194039,0.35293966974062263
2026-05-08,-95.70666666666666,interpolated (grid-fill),1663.5,243.2,interpolated (grid-fill),13776.670539789198,80.3949966430664,-219.1648773286634,201.856,-17.308877328663414,2.109111173028699,0.2992890190775128,0.28003076065756494
2026-05-15,-102.84,cited,1665.0,243.4,cited,13782.182215938568,77.16100311279297,-226.40369124178682,202.022,-24.381691241786825,1.9644301828082458,0.10752385962323419,0.22240665339648102
2026-05-22,-106.45,interpolated (grid-fill),1670.8333333333333,244.3,interpolated (grid-fill),13981.700056819916,75.89299774169922,-228.04200953335175,202.769,-25.27300953335174,1.9048285580084547,0.002676023975324071,0.153606128101913
2026-05-29,-110.06,interpolated (grid-fill),1676.6666666666667,245.1,interpolated (grid-fill),14020.280738620757,75.61599731445312,-231.2723366003455,203.433,-27.83933660034552,1.8483827003452662,-0.09837856091599506,0.08759698605955202
2026-06-05,-113.67,interpolated (grid-fill),1682.5,246.0,interpolated (grid-fill),13808.63784095764,68.94300079345703,-237.37474398255912,204.17999999999998,-33.194743982559146,1.7962523093164422,-0.31162014530076343,-0.013569844634743866
2026-06-12,-117.28,interpolated (grid-fill),1688.3333333333333,246.8,interpolated (grid-fill),14176.808977279665,67.85900115966797,-237.28359837376385,204.844,-32.43959837376386,1.7466234652114596,-0.49173322268662956,-0.11028285797355197
2026-06-19,-120.89,interpolated (grid-fill),1694.1666666666667,247.7,interpolated (grid-fill),14053.349744272233,66.25499725341797,-242.23308274575217,205.59099999999998,-36.64208274575219,1.7006452146579534,-0.69823533489045,-0.2015073193751773
2026-06-26,-124.5,cited,1700.0,248.5,cited-approx,13539.67372159004,59.21699905395508,-251.43447808708373,206.255,-45.17947808708374,1.6566666666666667,-0.8178421741977733,-0.2900945945945945
2026-07-03,-131.474,interpolated (grid-fill),1744.5,258.1,interpolated (grid-fill),13480.149090919494,60.64300155639648,-258.9443291948012,214.223,-44.72132919480117,1.6293944049774103,-0.6477017865023429,-0.47847804963979534
2026-07-10,-138.448,interpolated (grid-fill),1789.0,264.6,cited-approx,13742.498778409958,59.80899810791016,-263.28406255482287,219.618,-43.666062554822844,1.5862851034323355,-0.5228260695963634,-0.6520715844657536
2026-07-17,-145.422,interpolated (grid-fill),1763.0,260.8,cited,13712.735937452317,56.03799819946289,-270.750193528013,216.464,-54.28619352801306,1.4885230570340113,-0.47590712577423444,-0.910357492514392
2026-07-24,-152.39600000000002,interpolated (grid-fill),1743.0,257.8,interpolated,13933.198778448104,58.65599822998047,-275.34457254833023,213.974,-61.370572548330244,1.4040657235098033,-0.5007628344986514,-1.0704431173546367
2026-07-31,-159.37,cited,1723.0,254.9,interpolated,14188.93403406143,57.59099960327149,-279.76332287240973,211.567,-68.19632287240972,1.327520863399636,-0.5208618369456302,-0.9495753280801171
2026-08-07,-169.4875,interpolated (grid-fill),1703.0,251.9,cited,14485.455482931136,63.33200073242188,-286.5692540374812,209.077,-77.49225403748119,1.2335835976104432,-0.562668711705999,-0.8755275754182557
2026-08-14,-179.60500000000002,interpolated (grid-fill),1631.0,241.3,cited,14549.39008526802,64.98799896240234,-295.951821182146,200.279,-95.67282118214598,1.115108154004621,-0.6315153112068386,-0.8493220288036247
2026-08-21,-189.7225,interpolated (grid-fill),1607.0,237.7,interpolated,14505.29772731781,69.46600341796875,-306.2951630104598,197.29099999999997,-109.00416301045985,1.0398924745351763,-0.6607527401227771,-0.8649360834732784
2026-08-28,-199.84,cited,1583.5,234.2,cited,14466.715994272232,66.99500274658203,-316.92974672109403,194.38599999999997,-122.54374672109404,0.9727081665332264,-0.6839585001334403,-0.8756745338120397
2026-09-04,-200.31,cited,1539.5,227.7,cited,14543.878409118652,66.0469970703125,-316.660090373474,188.99099999999999,-127.66909037347403,0.9434925864909389,-0.6859018184864714,-0.8527597228255033
2026-09-11,-209.7,cited,1418.0,209.8,cited,14262.789232969284,64.55400085449219,-328.9918497809885,174.13400000000001,-154.8578497809885,0.8303958035288509,-0.7558892999034846,-0.9162276616826087
2026-09-18,-221.89,cited,1351.0,199.9,cited,14583.560795402524,66.55599975585938,-337.80987989910113,165.917,-171.89287989910116,0.7477443778448781,-0.7407786791891332,-0.9529008368130752
2026-09-25,-224.53,cited,1247.5,184.5,cited,14761.032982931136,64.24500274658203,-338.75521343677315,153.135,-185.62021343677318,0.6820246737629715,-0.7220410497468318,-0.9746419929036952
