date,tc_usd_dmt,tc_status,acid_cny_t,acid_usd_t,acid_usd_t_quoted,acid_status,cu_price,silver_price,acid_contribution,acid_cushion_ratio,cushion_loss_9w,cushion_loss_13w
2026-01-02,-45.0,cited-approx,919.5,117.08155599414275,132.30215827338128,cited-approx,12434.056505651472,70.55599975585938,97.17769147513847,2.1595042550030774,,
2026-01-09,-48.125,interpolated (grid-fill),921.25,117.3043865792322,132.55395683453236,interpolated (grid-fill),12909.152897777556,78.88400268554688,97.36264086076272,2.023119810093771,,
2026-01-16,-51.25,interpolated (grid-fill),923.0,117.52721716432164,132.80575539568346,interpolated (grid-fill),12761.442499961851,88.09100341796875,97.54759024638696,1.903367614563648,,
2026-01-23,-54.375,interpolated (grid-fill),924.75,117.7500477494111,133.05755395683454,interpolated (grid-fill),13031.508323812484,100.9250030517578,97.73253963201121,1.7973800392094015,,
2026-01-30,-57.5,interpolated (grid-fill),926.5,117.97287833450055,133.30935251798562,interpolated (grid-fill),13000.64377837181,78.29000091552734,97.91748901763545,1.7029128524806165,,
2026-02-06,-60.625,interpolated (grid-fill),928.25,118.19570891959,133.5611510791367,interpolated (grid-fill),12926.789630708694,76.73500061035156,98.1024384032597,1.6181845509816033,,
2026-02-13,-63.75,interpolated (grid-fill),930.0,118.41853950467946,133.81294964028777,cited-approx,12770.261392049788,77.85099792480469,98.28738778888395,1.5417629457079836,,
2026-02-20,-66.875,interpolated (grid-fill),980.9166666666666,124.90184843275823,141.13908872901678,interpolated (grid-fill),12855.138892011642,82.28299713134766,103.66853419918932,1.5501836889598404,,
2026-02-27,-70.0,cited-approx,1031.8333333333333,131.385157360837,148.46522781774578,interpolated (grid-fill),13237.640596570967,92.68199920654295,109.04968060949471,1.5578525801356389,,
2026-03-06,-65.19500000000001,interpolated (grid-fill),1082.75,137.86846628891578,155.79136690647482,interpolated (grid-fill),12691.997272720337,83.81600189208984,114.43082701980009,1.7552086359352723,-0.4042956190678051,
2026-03-13,-60.39,cited,1133.6666666666667,144.35177521699455,163.11750599520386,interpolated (grid-fill),12598.300880670547,80.91400146484375,119.81197343010547,1.9839704161302445,-0.03914939396352657,
2026-03-20,-64.034,interpolated (grid-fill),1184.5833333333333,150.83508414507332,170.44364508393284,interpolated (grid-fill),11778.182812547682,69.36000061035156,125.19311984041086,1.9551038485868577,0.051736234023209704,
2026-03-27,-67.678,interpolated (grid-fill),1235.5,157.3183930731521,177.76978417266187,cited-approx,12052.657556819917,69.54499816894531,130.57426625071622,1.9293458177061413,0.13196577849673985,
2026-04-03,-71.322,interpolated (grid-fill),1341.75,173.59493867411894,196.16228070175438,interpolated (grid-fill),12264.301505727768,72.73500061035156,144.0837990995187,2.0201873068550893,0.31727445437447277,-0.13931694814798812
2026-04-10,-74.966,interpolated (grid-fill),1448.0,187.3415101174766,211.69590643274853,interpolated (grid-fill),12942.22190342903,76.3239974975586,155.49345339750556,2.0741863431089502,0.4560017921273469,0.05106653301517916
2026-04-17,-78.61,cited,1554.25,201.08808156083427,227.2295321637427,interpolated (grid-fill),13455.89792611122,81.73799896240234,166.90310769549242,2.1231790827565504,0.5814161370485669,0.21981146819290243
2026-04-24,-81.44,cited,1660.5,214.83465300419192,242.76315789473685,cited,13279.528494310378,76.38300323486328,178.31276199347928,2.1894985510004825,0.6393148620406421,0.39211851179108104
2026-05-01,-88.57333333333334,interpolated (grid-fill),1662.0,215.02872224809815,242.98245614035088,interpolated (grid-fill),13077.80619321823,75.95099639892578,178.47383946592146,2.01498388678972,0.45713130665408097,0.3120710343091033
2026-05-08,-95.70666666666666,interpolated (grid-fill),1663.5,215.22279149200435,243.2017543859649,interpolated (grid-fill),13776.670539789198,80.3949966430664,178.6349169383636,1.8664835288906758,0.11127489295540349,0.24829897790907252
2026-05-15,-102.84,cited,1665.0,215.4168607359106,243.42105263157896,cited,13782.182215938568,77.16100311279297,178.7959944108058,1.7385841541307447,-0.24538626199949976,0.19682120842276118
2026-05-22,-106.44166666666666,interpolated (grid-fill),1679.3333333333333,217.2713001776812,245.5165692007797,interpolated (grid-fill),13981.700056819916,75.89299774169922,180.3351791474754,1.6942160414700578,-0.26088780711679993,0.1440323525102174
2026-05-29,-110.04333333333334,interpolated (grid-fill),1693.6666666666667,219.12573961945182,247.61208576998052,interpolated (grid-fill),14020.280738620757,75.61599731445312,181.874363884145,1.6527522238282948,-0.27659359387784654,0.09489964369265591
2026-06-05,-113.64500000000001,interpolated (grid-fill),1708.0,220.9801790612224,249.70760233918128,interpolated (grid-fill),13808.63784095764,68.94300079345703,183.4135486208146,1.6139165702038327,-0.40627073665125657,-0.1412920657314396
2026-06-12,-117.24666666666667,interpolated (grid-fill),1722.3333333333333,222.83461850299298,251.80311890838206,interpolated (grid-fill),14176.808977279665,67.85900115966797,184.95273335748416,1.577466879150658,-0.49671946395829214,-0.4065035369795864
2026-06-19,-120.84833333333333,interpolated (grid-fill),1736.6666666666667,224.68905794476362,253.89863547758287,interpolated (grid-fill),14053.349744272233,66.25499725341797,186.4919180941538,1.543189822732244,-0.5799892600243064,-0.4119140258546137
2026-06-26,-124.45,cited,1751.0,226.5434973865342,255.99415204678363,cited,13539.67372159004,59.21699905395508,188.0311028308234,1.5108967684276688,-0.6786017825728137,-0.4184490492784725
2026-07-03,-128.25,cited,1789.0,234.19908886212497,264.64497041420117,cited,13480.149090919494,60.64300155639648,194.38524375556372,1.5156744152480601,-0.4993094715416597,-0.5045128916070292
2026-07-10,-132.84,cited,1784.5,233.60999109807824,263.97928994082844,cited,13742.498778409958,59.80899810791016,193.89629261140493,1.4596227989416208,-0.406860729949055,-0.6145635441673294
2026-07-17,-146.15,cited,1763.0,230.7954128920773,260.79881656804736,cited,13712.735937452317,56.03799819946289,191.56019270042415,1.3107094950422453,-0.4278746590884994,-0.8124695877143051
2026-07-24,-154.76,cited,1742.0,228.0462899931927,257.6923076923077,cited,13933.198778448104,58.65599822998047,189.27842069434993,1.2230448481154688,-0.471171193354589,-0.9664537028850138
2026-07-31,-159.37,cited,1722.5,225.49353301565694,254.80769230769232,cited,14188.93403406143,57.59099960327149,187.15963240299524,1.1743717914475449,-0.4783804323807499,-0.840612095342175
2026-08-07,-173.91,cited,1703.0,222.94077603812121,251.92307692307693,cited,14485.455482931136,63.33200073242188,185.0408441116406,1.0640034737027233,-0.5499130965011094,-0.8024800551879525
2026-08-14,-175.37,cited,1631.0,213.51521181337384,241.27218934911244,cited,14549.39008526802,64.98799896240234,177.21762580510028,1.0105355865033945,-0.5669312926472636,-0.7280485676273503
2026-08-21,-182.14,cited,1607.25,210.40608472534956,237.758875739645,interpolated (grid-fill),14505.29772731781,69.46600341796875,174.63705032204012,0.9588066889318114,-0.5843831338004326,-0.7354093525382464
2026-08-28,-199.84,cited,1583.5,207.29695763732525,234.24556213017752,cited,14466.715994272232,66.99500274658203,172.05647483897994,0.8609711511157923,-0.6499256173118766,-0.7917810727125025
2026-09-04,-200.31,cited,1539.5,201.53689061109077,227.73668639053255,cited,14543.878409118652,66.0469970703125,167.27561920720532,0.8350837162757991,-0.680590698972261,-0.7788328539280336
2026-09-11,-209.7,cited,1418.0,185.63125098182965,209.76331360946747,cited,14262.789232969284,64.55400085449219,154.0739383149186,0.734735042035854,-0.7248877569057668,-0.842731837114804
2026-09-18,-221.89,cited,1351.0,176.8602398282453,199.85207100591717,cited,14583.560795402524,66.55599975585938,146.7939990574436,0.6615620309948336,-0.6491474640474117,-0.8816277917374105
2026-09-25,-224.53,cited,1247.5,163.31099125517096,184.5414201183432,cited,14761.032982931136,64.24500274658203,135.5481227417919,0.6036971573588915,-0.6193476907565773,-0.9071996110687773
2026-10-02,-231.68,cited,1218.5,159.51458344242553,180.25147928994085,cited,14438.055909042358,60.415000915527344,132.3971042572132,0.571465401662695,-0.6029063897848499,-0.9442090135853651
