date,actual,cf_flat_acid,cf_flat_tc,acid_effect_on_margin_usd_t
2026-07-03,1.515680311890838,1.515680311890838,1.515680311890838,0.0
2026-07-10,1.4595603733815115,1.463309244203553,1.5117972709551655,0.49799999999999756
2026-07-17,1.3107355456722545,1.3300444748546012,1.4936764132553606,2.8219999999999743
2026-07-24,1.2227965882657017,1.256048074437839,1.4755555555555555,5.145999999999987
2026-07-31,1.1744054715442052,1.219715128317751,1.4593762183235868,7.220999999999989
2026-08-07,1.0638088666551666,1.1177390604335575,1.4425497076023392,9.37899999999999
2026-08-14,1.0104635912641842,1.1084335975366366,1.3817153996101363,17.180999999999983
2026-08-21,0.9587789612386077,1.0672339958273853,1.3616530214424951,19.75399999999999
2026-08-28,0.8609837870296236,0.9727081665332264,1.341590643274854,22.326999999999984
2026-09-04,0.8349308571713844,0.9704258399480803,1.3040545808966861,27.14099999999999
2026-09-11,0.7346113495469719,0.926971864568431,1.2011539961013646,40.337999999999994
2026-09-18,0.661710757582586,0.8760466898012528,1.144849902534113,47.55899999999997
2026-09-25,0.6036565269674432,0.8657462254487149,1.056834307992203,58.84699999999998
