TC_usd_dmt,1000,1100,1200,1300,1400,1500,1600,1700,1800
-75,1.4487441308407956,1.593618543924875,1.738492957008954,1.8833673700930338,2.028241783177114,2.173116196261193,2.317990609345273,2.462865022429352,2.607739435513432
-100,1.0865580981305967,1.1952139079436561,1.3038697177567156,1.4125255275697755,1.5211813373828351,1.6298371471958948,1.7384929570089545,1.8471487668220141,1.9558045766350738
-125,0.8692464785044773,0.956171126354925,1.0430957742053724,1.1300204220558203,1.216945069906268,1.3038697177567158,1.3907943656071635,1.4777190134576113,1.5646436613080592
-150,0.7243720654203978,0.7968092719624374,0.869246478504477,0.9416836850465169,1.014120891588557,1.0865580981305965,1.1589953046726365,1.231432511214676,1.303869717756716
-175,0.6208903417889123,0.6829793759678036,0.7450684101466946,0.8071574443255859,0.8692464785044772,0.9313355126833684,0.9934245468622598,1.055513581041151,1.1176026152200422
-200,0.5432790490652983,0.5976069539718281,0.6519348588783578,0.7062627637848877,0.7605906686914176,0.8149185735979474,0.8692464785044772,0.9235743834110071,0.9779022883175369
-225,0.48291471028026517,0.5312061813082917,0.579497652336318,0.6277891233643446,0.6760805943923712,0.7243720654203977,0.7726635364484242,0.8209550074764507,0.8692464785044773
-250,0.43462323925223867,0.4780855631774625,0.5215478871026862,0.5650102110279102,0.608472534953134,0.6519348588783579,0.6953971828035818,0.7388595067288056,0.7823218306540296
-300,0.3621860327101989,0.3984046359812187,0.4346232392522385,0.47084184252325845,0.5070604457942784,0.5432790490652982,0.5794976523363182,0.615716255607338,0.651934858878358
