date,cu_price,silver_price
2023-01-03,8302.598991484641,24.05900001525879
2023-01-04,8244.176590919495,23.79199981689453
2023-01-05,8417.239332404137,23.257999420166016
2023-01-06,8616.757173285483,23.82200050354004
2023-01-09,8859.265142011642,23.711999893188477
2023-01-10,8966.189346570969,23.506999969482422
2023-01-11,9159.093806819916,23.32699966430664
2023-01-12,9228.539034061432,23.863000869750977
2023-01-13,9275.938607950211,24.231000900268555
2023-01-17,9292.473636398316,23.944000244140625
2023-01-18,9322.235426111221,23.530000686645508
2023-01-19,9317.82650568962,23.753999710083008
2023-01-20,9366.327784061432,23.829999923706055
2023-01-23,9378.453892087937,23.45199966430664
2023-01-24,9359.71440342903,23.64900016784668
2023-01-25,9347.588295402526,23.839000701904297
2023-01-26,9407.11397731781,23.93000030517578
2023-01-27,9312.314829540252,23.527000427246094
2023-01-30,9267.119715862274,23.645000457763672
2023-01-31,9322.235426111221,23.74799919128418
2023-02-01,9063.192954559327,23.520999908447266
2023-02-02,9025.713977241516,23.534000396728516
2023-02-03,8957.371505727768,22.333999633789062
2023-02-06,8914.380852260589,22.177000045776367
2023-02-07,9013.588920459746,22.117000579833984
2023-02-08,8914.380852260589,22.367000579833984
2023-02-09,9051.067897777557,22.097000122070312
2023-02-10,8879.107386398315,22.034000396728516
2023-02-13,9010.28170452118,21.81800079345703
2023-02-14,9060.988494348525,21.841999053955078
2023-02-15,8933.120340919495,21.54599952697754
2023-02-16,9183.344971628188,21.68400001525879
2023-02-17,9069.806335191726,21.694000244140625
2023-02-21,9335.463238620758,21.868999481201172
2023-02-22,9264.915255651473,21.660999298095703
2023-02-23,8979.417159080505,21.298999786376953
2023-02-24,8719.271931800842,20.805999755859375
2023-02-27,8838.321193141937,20.670000076293945
2023-02-28,9033.430113601684,20.961000442504883
2023-03-01,9188.856647777557,20.958999633789062
2023-03-02,9003.668323888778,20.766000747680664
2023-03-03,8990.440511379242,21.093000411987305
2023-03-06,9040.04454547882,20.983999252319336
2023-03-07,8788.717684664725,20.054000854492188
2023-03-08,8909.971931838989,20.0049991607666
2023-03-09,8938.632017068863,20.024999618530273
2023-03-10,8918.78977268219,20.375
2023-03-13,8971.701022720337,21.792999267578125
2023-03-14,8841.628409080506,21.929000854492188
2023-03-15,8502.11683236599,21.77400016784668
2023-03-16,8566.050909080504,21.58799934387207
2023-03-17,8627.780525584221,22.35099983215332
2023-03-20,8764.467045478821,22.533000946044922
2023-03-21,8859.265142011642,22.323999404907227
2023-03-22,8969.496562509536,22.674999237060547
2023-03-23,9140.354318161011,23.143999099731445
2023-03-24,9042.24900568962,23.246999740600586
2023-03-27,9048.862386322022,23.054000854492188
2023-03-28,9065.397414770126,23.323999404907227
2023-03-29,9072.010795402526,23.375999450683594
2023-03-30,9017.997840881348,23.902000427246094
2023-03-31,9048.862386322022,24.076000213623047
2023-04-03,8949.6553693676,23.94099998474121
2023-04-04,8782.103778409957,25.02199935913086
2023-04-05,8814.070553956031,24.96299934387207
2023-04-06,8875.800170459746,25.024999618530273
2023-04-10,8788.717684664725,24.84600067138672
2023-04-11,8872.492954521178,25.131000518798828
2023-04-12,9004.770028371811,25.40399932861328
2023-04-13,9091.8530397892,25.874000549316406
2023-04-14,9055.476818199157,25.423999786376953
2023-04-17,8963.984886360167,25.05299949645996
2023-04-18,9015.793380670548,25.24799919128418
2023-04-19,8977.212698869705,25.365999221801758
2023-04-20,8866.98127837181,25.368000030517578
2023-04-21,8774.387642049789,25.05299949645996
2023-04-24,8714.863011379242,25.305999755859375
2023-04-25,8478.968423285483,24.87700080871582
2023-04-26,8487.786789751053,24.871000289916992
2023-04-27,8519.754090919494,24.982999801635742
2023-04-28,8531.879147701264,24.999000549316406
2023-05-01,8635.49666194439,25.009000778198242
2023-05-02,8483.377869329452,25.40399932861328
2023-05-03,8447.00164773941,25.47599983215332
2023-05-04,8487.786789751053,26.03499984741211
2023-05-05,8535.18636363983,25.743000030517578
2023-05-08,8637.70112215519,25.63599967956543
2023-05-09,8573.767045440673,25.697999954223633
2023-05-10,8439.285511379241,25.461000442504883
2023-05-11,8151.582428975104,24.2549991607666
2023-05-12,8193.470326714516,23.992000579833984
2023-05-15,8239.767144875526,24.12700080871582
2023-05-16,8056.783806819915,23.73699951171875
2023-05-17,8251.892727279663,23.75200080871582
2023-05-18,8116.308437490463,23.4950008392334
2023-05-19,8206.698139224052,23.920000076293945
2023-05-22,8099.773934664726,23.71500015258789
2023-05-23,8028.123721590042,23.474000930786133
2023-05-24,7834.117031235694,23.114999771118164
2023-05-25,7893.641661906242,22.785999298095703
2023-05-26,8098.671704559326,23.239999771118164
2023-05-30,8064.499943180083,23.125
2023-05-31,8004.975312509537,23.474000930786133
2023-06-01,8171.42414773941,23.875
2023-06-02,8206.698139224052,23.64299964904785
2023-06-05,8294.882855124473,23.534000396728516
2023-06-06,8304.803451695441,23.573999404907227
2023-06-07,8277.245596570969,23.43899917602539
2023-06-08,8369.839758515358,24.263999938964844
2023-06-09,8353.30525568962,24.333999633789062
2023-06-12,8268.427230105399,23.985000610351562
2023-06-13,8440.387741484641,23.756000518798828
2023-06-14,8523.060781235694,24.04400062561035
2023-06-15,8590.302073888779,23.891000747680664
2023-06-16,8563.846448869705,24.076000213623047
2023-06-20,8550.618636360168,23.19300079345703
2023-06-21,8622.268849434851,22.77400016784668
2023-06-22,8572.664815335273,22.43600082397461
2023-06-23,8390.783707385062,22.327999114990234
2023-06-26,8347.793579540252,22.80500030517578
2023-06-27,8336.770752863884,22.93899917602539
2023-06-28,8202.288693180084,22.868000030517578
2023-06-29,8107.490071024894,22.590999603271484
2023-06-30,8247.483281235694,22.809999465942383
2023-07-03,8331.259076714516,22.895999908447266
2023-07-05,8275.041136360169,23.19700050354004
2023-07-06,8201.186463074684,22.68600082397461
2023-07-07,8304.803451695441,23.091999053955078
2023-07-10,8314.724573888778,23.150999069213867
2023-07-11,8275.041136360169,23.086000442504883
2023-07-12,8470.150056819915,24.118999481201172
2023-07-13,8663.054517068862,24.76799964904785
2023-07-14,8646.519488620757,25.013999938964844
2023-07-17,8448.10387784481,24.8439998626709
2023-07-18,8412.829886360169,25.083999633789062
2023-07-19,8376.453664770126,25.2189998626709
2023-07-20,8416.137102298737,24.80500030517578
2023-07-21,8384.169801130294,24.697999954223633
2023-07-24,8466.843366503716,24.43600082397461
2023-07-25,8602.427130670547,24.68000030517578
2023-07-26,8577.07426137924,24.825000762939453
2023-07-27,8517.549630708694,24.236000061035156
2023-07-28,8635.49666194439,24.3700008392334
2023-07-31,8806.354417595863,24.854000091552734
2023-08-01,8583.688167634009,24.20800018310547
2023-08-02,8438.183281273841,23.753999710083008
2023-08-03,8545.1069602108,23.586000442504883
2023-08-04,8476.763963074683,23.617000579833984
2023-08-07,8406.2159801054,23.142000198364258
2023-08-08,8262.91555395603,22.716999053955078
2023-08-09,8305.905681800841,22.649999618530273
2023-08-10,8269.5294602108,22.746000289916992
2023-08-11,8189.060880670547,22.673999786376953
2023-08-14,8211.107059645652,22.643999099731445
2023-08-15,8072.216079540252,22.594999313354492
2023-08-16,8050.169900565147,22.479999542236328
2023-08-17,8125.126803956032,22.670000076293945
2023-08-18,8154.889119291305,22.69499969482422
2023-08-21,8183.549204521179,23.304000854492188
2023-08-22,8268.427230105399,23.420000076293945
2023-08-23,8385.272031235694,24.363000869750977
2023-08-24,8305.905681800841,24.211000442504883
2023-08-25,8289.371178975105,24.219999313354492
2023-08-28,8276.143366465569,24.238000869750977
2023-08-29,8362.12362215519,24.777000427246094
2023-08-30,8344.486889224052,24.733999252319336
2023-08-31,8316.929034099578,24.472000122070312
2023-09-01,8405.11375,24.23200035095215
2023-09-05,8401.807059683799,23.558000564575195
2023-09-06,8264.018309683799,23.20599937438965
2023-09-07,8214.41427558422,22.950000762939453
2023-09-08,8114.103977279663,22.892000198364258
2023-09-11,8311.41735795021,23.10300064086914
2023-09-12,8271.734446043967,23.12700080871582
2023-09-13,8280.552812509537,22.91200065612793
2023-09-14,8338.975213074684,22.74799919128418
2023-09-15,8297.087315335273,23.125999450683594
2023-09-18,8248.585511341094,23.23200035095215
2023-09-19,8187.958650565147,23.194000244140625
2023-09-20,8259.60886363983,23.57900047302246
2023-09-21,8083.239431838989,23.444000244140625
2023-09-22,8081.03444600582,23.59600067138672
2023-09-25,8045.760454521179,23.145000457763672
2023-09-26,7991.7474999999995,22.950000762939453
2023-09-27,7996.156946043968,22.476999282836914
2023-09-28,8144.968522720336,22.514999389648438
2023-09-29,8214.41427558422,22.236000061035156
2023-10-02,8007.179772720337,21.218000411987305
2023-10-03,7970.803551130294,21.17799949645996
2023-10-04,7901.358323888779,20.95599937438965
2023-10-05,7819.786988620757,20.847999572753906
2023-10-06,7990.6452698946,21.540000915527344
2023-10-09,8030.328181800842,21.740999221801758
2023-10-10,8007.179772720337,21.775999069213867
2023-10-11,7967.496860814094,21.957000732421875
2023-10-12,7923.404502863884,21.79199981689453
2023-10-13,7892.539431800842,22.726999282836914
2023-10-16,7907.971704521179,22.610000610351562
2023-10-17,7882.618835229873,22.863000869750977
2023-10-18,7896.94887784481,22.944000244140625
2023-10-19,7917.892826714516,22.886999130249023
2023-10-20,7808.764161944389,23.35099983215332
2023-10-23,7877.107159080505,23.07200050354004
2023-10-24,7958.677968726158,22.979999542236328
2023-10-25,7874.902698869705,22.87700080871582
2023-10-26,7867.186562509536,22.78700065612793
2023-10-27,8011.589218764305,22.770000457763672
2023-10-30,8045.760454521179,23.281999588012695
2023-10-31,8028.123721590042,22.840999603271484
2023-11-01,8035.83985795021,22.684999465942383
2023-11-02,8084.341661944389,22.750999450683594
2023-11-03,8100.876164770126,23.201000213623047
2023-11-06,8178.038053994178,23.14900016784668
2023-11-07,8090.955568199157,22.507999420166016
2023-11-08,7998.361406254768,22.64699935913086
2023-11-09,8013.793678975105,22.83099937438965
2023-11-10,7900.25556816101,22.21500015258789
2023-11-13,8074.420539751052,22.298999786376953
2023-11-14,8118.512897701263,23.07900047302246
2023-11-15,8195.674786925316,23.485000610351562
2023-11-16,8167.0147016954415,23.892000198364258
2023-11-17,8239.767144875526,23.80900001525879
2023-11-20,8405.11375,23.57900047302246
2023-11-21,8409.523196043967,23.843000411987305
2023-11-22,8303.701221590041,23.672000885009766
2023-11-23,8331.259076714516,
2023-11-24,8369.839758515358,24.32900047302246
2023-11-27,8294.882855124473,24.672000885009766
2023-11-28,8379.760880708694,24.93000030517578
2023-11-29,8346.691349434852,25.07200050354004
2023-11-30,8441.489971590041,25.292999267578125
2023-12-01,8617.859403390885,25.499000549316406
2023-12-04,8422.750482931137,24.55500030517578
2023-12-05,8316.929034099578,24.201000213623047
2023-12-06,8193.470326714516,23.888999938964844
2023-12-07,8343.384133496284,23.73200035095215
2023-12-08,8421.648252825737,22.97100067138672
2023-12-11,8333.463536925316,22.773000717163086
2023-12-12,8346.691349434852,22.72800064086914
2023-12-13,8346.691349434852,22.638999938964844
2023-12-14,8572.664815335273,24.09600067138672
2023-12-15,8564.948678975104,23.8700008392334
2023-12-18,8483.377869329452,23.83099937438965
2023-12-19,8589.19931816101,24.040000915527344
2023-12-20,8601.324900565147,24.347000122070312
2023-12-21,8616.757173285483,24.30699920654297
2023-12-22,8588.09708805561,24.290000915527344
2023-12-26,8588.09708805561,24.143999099731445
2023-12-27,8693.919062509536,24.375
2023-12-28,8626.67829547882,24.134000778198242
2023-12-29,8555.028082404137,23.85300064086914
2024-01-02,8529.674687490462,23.732999801635742
2024-01-03,8482.275639224052,22.945999145507812
2024-01-04,8445.89941763401,22.98900032043457
2024-01-05,8365.430838093756,23.121999740600586
2024-01-08,8376.453664770126,23.1200008392334
2024-01-09,8264.018309683799,22.90399932861328
2024-01-10,8335.667997136115,22.884000778198242
2024-01-11,8325.747400565147,22.53700065612793
2024-01-12,8245.278821024895,23.16200065612793
2024-01-16,8303.701221590041,22.933000564575195
2024-01-17,8228.744318199157,22.516000747680664
2024-01-18,8256.301647701262,22.66699981689453
2024-01-19,8348.895809645652,22.570999145507812
2024-01-22,8298.189545440673,22.163000106811523
2024-01-23,8356.611946005822,22.333999633789062
2024-01-24,8559.437002825736,22.7549991607666
2024-01-25,8521.958551130294,22.808000564575195
2024-01-26,8488.88954547882,22.7549991607666
2024-01-29,8538.493053956032,23.13800048828125
2024-01-30,8612.348252863883,23.10700035095215
2024-01-31,8603.529360775947,23.051000595092773
2024-02-01,8493.298465900421,23.1299991607666
2024-02-02,8424.955468764305,22.701000213623047
2024-02-05,8315.826803994178,22.334999084472656
2024-02-06,8338.975213074684,22.39299964904785
2024-02-07,8239.767144875526,22.277999877929688
2024-02-08,8169.219161906242,22.565000534057617
2024-02-09,8126.229559683799,22.527999877929688
2024-02-12,8219.92542611122,22.708999633789062
2024-02-13,8187.958650565147,22.09600067138672
2024-02-14,8158.1963352298735,22.33099937438965
2024-02-15,8281.655042614937,22.91200065612793
2024-02-16,8461.331690354347,23.43899917602539
2024-02-20,8524.163011341094,23.106000900268555
2024-02-21,8541.8002698946,22.85099983215332
2024-02-22,8592.506534099579,22.764999389648438
2024-02-23,8558.334772720336,22.9689998626709
2024-02-26,8430.466619291305,22.517000198364258
2024-02-27,8445.89941763401,22.523000717163086
2024-02-28,8438.183281273841,22.40999984741211
2024-02-29,8453.61555399418,22.666000366210938
2024-03-01,8498.81014204979,23.149999618530273
2024-03-04,8492.196235795021,23.77899932861328
2024-03-05,8474.559502863884,23.76300048828125
2024-03-06,8532.98190342903,24.27199935913086
2024-03-07,8641.008338093758,24.3700008392334
2024-03-08,8564.948678975104,24.339000701904297
2024-03-11,8647.621718726157,24.511999130249023
2024-03-12,8653.133394875525,24.194000244140625
2024-03-13,8934.222045402526,24.958999633789062
2024-03-14,8900.051335268021,24.874000549316406
2024-03-15,9066.500170497893,25.200000762939453
2024-03-18,9070.909090919495,25.090999603271484
2024-03-19,8947.449857912063,24.964000701904297
2024-03-20,8903.357499961852,24.933000564575195
2024-03-21,8920.995284137725,24.849000930786133
2024-03-22,8809.661633534432,24.691999435424805
2024-03-25,8833.912272720336,24.7450008392334
2024-03-26,8809.661633534432,24.482999801635742
2024-03-27,8801.945497174263,24.625
2024-03-28,8826.196136360168,24.797000885009766
2024-04-01,8919.892528409957,24.95400047302246
2024-04-02,8972.803778448104,25.804000854492188
2024-04-03,9243.971306781768,26.94499969482422
2024-04-04,9361.91886363983,27.139999389648438
2024-04-05,9346.486590919494,27.399999618530273
2024-04-08,9429.159630670547,27.711999893188477
2024-04-09,9449.000823812485,27.891000747680664
2024-04-10,9440.182982969283,27.961000442504883
2024-04-11,9374.0439204216,28.176000595092773
2024-04-12,9386.170028448105,28.2549991607666
2024-04-15,9654.031392087936,28.650999069213867
2024-04-16,9491.991477279662,28.31800079345703
2024-04-17,9573.562812547683,28.34600067138672
2024-04-18,9789.6146306324,28.32900047302246
2024-04-19,9925.1989204216,28.808000564575195
2024-04-22,9921.892755727768,27.21299934387207
2024-04-23,9899.846051130295,27.33099937438965
2024-04-24,9848.037556819916,27.323999404907227
2024-04-25,10076.215482931137,27.341999053955078
2024-04-26,10072.908266992568,27.240999221801758
2024-04-29,10271.324403390883,27.37299919128418
2024-04-30,10062.9876704216,26.391000747680664
2024-05-01,10036.532045402526,26.48900032043457
2024-05-02,9907.562187490463,26.58300018310547
2024-05-03,10082.829914808273,26.44499969482422
2024-05-06,10217.311448869705,27.368999481201172
2024-05-07,10197.470255727767,27.30299949645996
2024-05-08,10057.475994272232,27.361000061035156
2024-05-09,10157.786818199158,28.131999969482422
2024-05-10,10347.384062509536,28.274999618530273
2024-05-13,10592.097017068862,28.22100067138672
2024-05-14,10920.584715862273,28.485000610351562
2024-05-15,10955.859232969284,29.513999938964844
2024-05-16,10785.00147731781,29.665000915527344
2024-05-17,11148.76369321823,31.047000885009766
2024-05-20,11216.004460248947,32.20500183105469
2024-05-21,11285.449687490463,31.868000030517578
2024-05-22,10730.987471551894,31.295000076293945
2024-05-23,10618.552642087936,30.284000396728516
2024-05-24,10534.776846609115,30.329999923706055
2024-05-28,10748.625255727768,31.97100067138672
2024-05-29,10594.301477279663,32.202999114990234
2024-05-30,10299.984488620757,31.38800048828125
2024-05-31,10163.298494348526,30.297000885009766
2024-06-03,10311.007840919494,30.641000747680664
2024-06-04,10026.611448831558,29.488000869750977
2024-06-05,10184.24244321823,29.947999954223633
2024-06-06,10341.872386360168,31.246999740600586
2024-06-07,9908.664943218231,29.334999084472656
2024-06-10,10045.350937490462,29.768999099731445
2024-06-11,9971.495738582611,29.132999420166016
2024-06-12,10100.46664773941,30.176000595092773
2024-06-13,9937.325028448104,28.989999771118164
2024-06-14,10033.225880708695,29.402000427246094
2024-06-17,9968.189573888778,29.325000762939453
2024-06-18,10057.475994272232,29.5049991607666
2024-06-20,10180.935227279662,30.775999069213867
2024-06-21,9907.562187490463,29.572999954223633
2024-06-24,9980.314630670548,29.48900032043457
2024-06-25,9658.440312509536,28.836999893188477
2024-06-26,9628.677471551895,28.909000396728516
2024-06-27,9542.697215862274,28.917999267578125
2024-06-28,9679.384261379242,29.23699951171875
2024-07-01,9758.750085191727,29.299999237060547
2024-07-02,9765.364517068863,29.35300064086914
2024-07-03,10011.17917611122,30.54800033569336
2024-07-05,10270.222698907852,31.38800048828125
2024-07-08,10189.754119367599,30.618000030517578
2024-07-09,10092.750511379241,30.77199935913086
2024-07-10,10157.786818199158,30.726999282836914
2024-07-11,9939.529488658905,31.393999099731445
2024-07-12,10137.944573812485,30.88599967956543
2024-07-15,9984.723551092147,30.672000885009766
2024-07-16,9797.330766992569,31.19499969482422
2024-07-17,9698.123750038147,30.136999130249023
2024-07-18,9404.908465862274,29.9950008392334
2024-07-19,9301.291477241515,29.08799934387207
2024-07-22,9216.413977279663,29.124000549316406
2024-07-23,9140.354318161011,29.131999969482422
2024-07-24,9036.737329540252,29.115999221801758
2024-07-25,9066.500170497893,27.80699920654297
2024-07-26,9048.862386322022,27.860000610351562
2024-07-29,8955.16599427223,27.702999114990234
2024-07-30,8957.371505727768,28.364999771118164
2024-07-31,9171.218863601684,28.777999877929688
2024-08-01,8965.087642087936,28.33099937438965
2024-08-02,9003.668323888778,28.246000289916992
2024-08-05,8783.206008515357,27.076000213623047
2024-08-06,8843.832869291306,27.09600067138672
2024-08-07,8680.69125,26.829999923706055
2024-08-08,8697.225752825736,27.5
2024-08-09,8774.387642049789,27.48699951171875
2024-08-12,8939.733721551895,27.91699981689453
2024-08-13,8897.845823812484,27.69499969482422
2024-08-14,8873.595710248946,27.253999710083008
2024-08-15,9124.922045440673,28.341999053955078
2024-08-16,9099.569176149367,28.777999877929688
2024-08-19,9185.549431838988,29.239999771118164
2024-08-20,9148.07045452118,29.454999923706055
2024-08-21,9218.618437490462,29.47599983215332
2024-08-22,9129.330965862273,29.006000518798828
2024-08-23,9247.278522720337,29.785999298095703
2024-08-26,9284.757500038146,29.976999282836914
2024-08-27,9326.645397777556,29.951000213623047
2024-08-28,9138.14985795021,29.176000595092773
2024-08-29,9143.661534099578,29.55699920654297
2024-08-30,9138.14985795021,28.731000900268555
2024-09-03,8889.027982969284,27.951000213623047
2024-09-04,8861.469602222442,28.16699981689453
2024-09-05,8989.337755651473,28.719999313354492
2024-09-06,8850.447301168442,27.808000564575195
2024-09-09,9004.770028371811,28.291000366210938
2024-09-10,8907.767471628189,28.256999969482422
2024-09-11,9001.463863677978,28.562999725341797
2024-09-12,9111.694232931137,29.743000030517578
2024-09-13,9204.288920497895,30.698999404907227
2024-09-16,9288.063664731979,30.770999908447266
2024-09-17,9289.166420459747,30.618999481201172
2024-09-18,9343.179374980926,30.340999603271484
2024-09-19,9449.000823812485,31.0939998626709
2024-09-20,9439.080227241515,31.176000595092773
2024-09-23,9455.615255689621,30.767000198364258
2024-09-24,9765.364517068863,32.111000061035156
2024-09-25,9762.057301130295,31.697999954223633
2024-09-26,10099.363892011643,32.025001525878906
2024-09-27,10011.17917611122,31.518999099731445
2024-09-30,9911.971107912063,31.163999557495117
2024-10-01,9999.054119329452,31.44499969482422
2024-10-02,10132.433948907852,31.628000259399414
2024-10-03,9925.1989204216,32.18899917602539
2024-10-04,9970.394034099578,32.12799835205078
2024-10-07,9962.67789773941,31.7450008392334
2024-10-08,9726.783835268021,30.354999542236328
2024-10-09,9601.12014204979,30.424999237060547
2024-10-10,9667.259204597472,31.0049991607666
2024-10-11,9813.865795440674,31.520000457763672
2024-10-14,9619.859630708694,31.08300018310547
2024-10-15,9480.968124980925,31.527000427246094
2024-10-16,9549.31164773941,31.760000228881836
2024-10-17,9450.103579540253,31.572999954223633
2024-10-18,9581.278948907851,33.03200149536133
2024-10-21,9530.572159080504,33.86899948120117
2024-10-22,9585.687869329451,34.83100128173828
2024-10-23,9489.787017068862,33.63999938964844
2024-10-24,9522.856022720336,33.611000061035156
2024-10-25,9566.948380670547,33.60300064086914
2024-10-28,9550.413352222442,33.83000183105469
2024-10-29,9551.51610795021,34.26900100708008
2024-10-30,9540.492755651474,33.91400146484375
2024-10-31,9509.6282102108,32.65299987792969
2024-11-01,9584.585113601684,32.54199981689453
2024-11-04,9715.760482969283,32.47999954223633
2024-11-05,9811.661335229874,32.654998779296875
2024-11-06,9309.007613601683,31.22100067138672
2024-11-07,9722.373863601684,31.764999389648438
2024-11-08,9450.103579540253,31.358999252319336
2024-11-11,9283.65474431038,30.540000915527344
2024-11-12,9081.932443218231,30.68600082397461
2024-11-13,8963.984886360167,30.59000015258789
2024-11-14,8979.417159080505,30.507999420166016
2024-11-15,8930.915880708693,30.371000289916992
2024-11-18,9056.57852268219,31.163000106811523
2024-11-19,9105.080852298735,31.20800018310547
2024-11-20,9134.842642011641,30.95599937438965
2024-11-21,9067.601874980926,30.91200065612793
2024-11-22,8981.621619291305,31.30900001525879
2024-11-25,9020.202301092148,30.209999084472656
2024-11-26,8904.46025568962,30.38800048828125
2024-11-27,8966.189346570969,30.111000061035156
2024-11-29,8995.95218752861,30.684999465942383
2024-12-02,8984.928835229874,30.448999404907227
2024-12-03,9140.354318161011,31.07699966430664
2024-12-04,9131.53647731781,31.5049991607666
2024-12-05,9116.104204597472,31.134000778198242
2024-12-06,9123.820340957642,31.18600082397461
2024-12-09,9311.212073812485,32.215999603271484
2024-12-10,9311.212073812485,32.362998962402344
2024-12-11,9290.269176187514,32.5620002746582
2024-12-12,9248.381278448105,31.22800064086914
2024-12-13,9146.968750038146,30.655000686645508
2024-12-16,9134.842642011641,30.69700050354004
2024-12-17,9020.202301092148,30.572999954223633
2024-12-18,9038.941789751052,30.40999984741211
2024-12-19,8863.675113677979,29.0939998626709
2024-12-20,8908.86917611122,29.65999984741211
2024-12-23,8869.185738582612,29.88800048828125
2024-12-24,8927.608664770127,29.974000930786133
2024-12-26,8977.212698869705,30.047000885009766
2024-12-27,8956.26875,29.655000686645508
2024-12-30,8918.78977268219,29.106000900268555
2024-12-31,8787.615454559325,28.940000534057617
2025-01-02,8793.127130708694,29.621999740600586
2025-01-03,8905.56301141739,29.805999755859375
2025-01-06,9098.4664204216,30.341999053955078
2025-01-07,9172.321619329452,30.44700050354004
2025-01-08,9320.030965900422,30.45199966430664
2025-01-09,9434.671306819915,30.791000366210938
2025-01-10,9423.647954521179,31.090999603271484
2025-01-13,9469.944772682189,30.090999603271484
2025-01-14,9503.014829578398,30.131999969482422
2025-01-15,9611.040738620757,31.319000244140625
2025-01-16,9723.476619329453,31.523000717163086
2025-01-17,9562.539460248947,30.951000213623047
2025-01-21,9504.116534061432,31.31100082397461
2025-01-22,9417.034573888779,31.23900032043457
2025-01-23,9478.763664770126,30.67300033569336
2025-01-24,9457.819715900421,31.023000717163086
2025-01-27,9267.119715862274,30.253999710083008
2025-01-28,9304.598693180084,30.726999282836914
2025-01-29,9386.170028448105,31.238000869750977
2025-01-30,9453.41079547882,32.36399841308594
2025-01-31,9396.090625019073,32.12799835205078
2025-02-03,9466.638607988358,32.391998291015625
2025-02-04,9573.562812547683,32.88800048828125
2025-02-05,9776.3878693676,32.856998443603516
2025-02-06,9818.274715862273,32.518001556396484
2025-02-07,10100.46664773941,32.334999084472656
2025-02-10,10362.816335229872,32.391998291015625
2025-02-11,10129.126732969284,32.23099899291992
2025-02-12,10357.304659080504,32.69499969482422
2025-02-13,10513.83289773941,32.650001525878906
2025-02-14,10265.812727241515,32.80099868774414
2025-02-18,10108.182784099577,33.31700134277344
2025-02-19,10046.453693218231,32.99300003051758
2025-02-20,10158.88852268219,33.444000244140625
2025-02-21,10053.06707385063,32.97600173950195
2025-02-24,9958.26897731781,32.57500076293945
2025-02-25,9889.925454559325,31.801000595092773
2025-02-26,10013.383636322022,32.25299835205078
2025-02-27,10097.159431800841,31.801000595092773
2025-02-28,9952.757301168442,31.2189998626709
2025-03-03,10089.443295440673,32.03200149536133
2025-03-04,9981.417386398314,32.108001708984375
2025-03-05,10508.321221590042,32.858001708984375
2025-03-06,10535.878551092148,33.0629997253418
2025-03-07,10324.23565342903,32.54800033569336
2025-03-10,10228.334801168441,32.275001525878906
2025-03-11,10449.898295402527,32.88800048828125
2025-03-12,10628.473238658904,33.48400115966797
2025-03-13,10799.330994310378,34.05099868774414
2025-03-14,10735.397443218231,34.1870002746582
2025-03-17,10876.492357912062,34.07400131225586
2025-03-18,11007.667727279662,34.57899856567383
2025-03-19,11190.651590957641,33.974998474121094
2025-03-20,11210.492784099579,33.7859992980957
2025-03-21,11216.004460248947,33.290000915527344
2025-03-24,11164.195965938568,33.26499938964844
2025-03-25,11426.545653429032,34.00199890136719
2025-03-26,11499.298096609115,34.03300094604492
2025-03-27,11238.050113601685,34.89699935913086
2025-03-28,11271.120170497894,34.64400100708008
2025-03-31,11067.19235795021,34.457000732421875
2025-04-01,11064.98789773941,34.15800094604492
2025-04-02,11074.908494310379,34.499000549316406
2025-04-03,10606.426534061431,31.8439998626709
2025-04-04,9666.156448869704,29.115999221801758
2025-04-07,9191.061107988357,29.510000228881836
2025-04-08,9099.569176149367,29.591999053955078
2025-04-09,9205.390624980926,30.322999954223633
2025-04-10,9526.163238658904,30.67099952697754
2025-04-11,9937.325028448104,31.823999404907227
2025-04-14,10164.400198831558,32.09199905395508
2025-04-15,10165.502954559326,32.22700119018555
2025-04-16,10304.393409042357,32.92599868774414
2025-04-17,10431.159857988358,32.41999816894531
2025-04-21,10408.011448907851,32.49599838256836
2025-04-22,10737.601903429031,32.880001068115234
2025-04-23,10660.439488582611,33.518001556396484
2025-04-24,10692.406789751052,33.481998443603516
2025-04-25,10660.439488582611,32.98899841308594
2025-04-28,10665.95116473198,32.9900016784668
2025-04-29,10632.882159080506,33.275001525878906
2025-04-30,10053.06707385063,32.53099822998047
2025-05-01,10099.363892011643,32.18899917602539
2025-05-02,10201.879176149369,31.98900032043457
2025-05-05,10262.506562547684,32.20500183105469
2025-05-06,10438.875994348526,33.112998962402344
2025-05-07,10177.628011341094,32.53099822998047
2025-05-08,10055.271534061432,32.37799835205078
2025-05-09,10165.502954559326,32.67599868774414
2025-05-12,10093.852215862275,32.38800048828125
2025-05-13,10320.928437490462,32.86800003051758
2025-05-14,10165.502954559326,32.22600173950195
2025-05-15,10239.357102222442,32.48099899291992
2025-05-16,10043.146477279663,32.15800094604492
2025-05-19,10215.106988658905,32.3129997253418
2025-05-20,10184.24244321823,32.97999954223633
2025-05-21,10225.027585229873,33.4630012512207
2025-05-22,10248.175994310379,33.047000885009766
2025-05-23,10596.505937490463,33.44200134277344
2025-05-27,10383.760284099579,33.145999908447266
2025-05-28,10238.25539773941,33.0
2025-05-29,10259.199346609115,33.28300094604492
2025-05-30,10256.994886398315,32.891998291015625
2025-06-02,10658.23502837181,34.5629997253418
2025-06-03,10603.1203693676,34.50299835205078
2025-06-04,10724.374090919495,34.51900100708008
2025-06-05,10832.399999961852,35.68899917602539
2025-06-06,10648.314431800842,36.025001525878906
2025-06-09,10823.582159118652,36.6879997253418
2025-06-10,10767.363693141937,36.54199981689453
2025-06-11,10584.380880708693,36.16600036621094
2025-06-12,10629.574943141937,36.2130012512207
2025-06-13,10588.789801130295,36.28099822998047
2025-06-16,10640.598295440674,36.37900161743164
2025-06-17,10583.278124980927,37.09000015258789
2025-06-18,10681.383437452316,36.86600112915039
2025-06-20,10639.49659095764,35.97600173950195
2025-06-23,10676.974517030716,36.15299987792969
2025-06-24,10729.885767068863,35.70100021362305
2025-06-25,10831.29829547882,36.084999084472656
2025-06-26,11167.5021306324,36.58599853515625
2025-06-27,11174.116562509536,36.0369987487793
2025-06-30,11089.239062547684,35.85200119018555
2025-07-01,11128.921448831557,36.082000732421875
2025-07-02,11351.588750038147,36.42599868774414
2025-07-03,11236.948409118651,36.784000396728516
2025-07-04,11063.885142011643,36.775001525878906
2025-07-07,10988.928238620758,36.6150016784668
2025-07-08,12445.07985795021,36.47200012207031
2025-07-09,12000.849062509536,36.35100173950195
2025-07-10,12231.231448831557,37.03799819946289
2025-07-11,12262.095994272231,38.67599868774414
2025-07-14,12158.479005651474,38.46200180053711
2025-07-15,12226.822528409957,37.83399963378906
2025-07-16,12117.693863639832,37.85300064086914
2025-07-17,12094.545454559326,38.055999755859375
2025-07-18,12297.370511379242,38.222999572753906
2025-07-21,12369.020198831558,39.10100173950195
2025-07-22,12559.720198869705,39.31999969482422
2025-07-23,12775.773068199158,39.27799987792969
2025-07-24,12736.089630670547,39.020999908447266
2025-07-25,12706.327840957641,38.16699981689453
2025-07-28,12334.848437452316,38.0260009765625
2025-07-29,12353.58792611122,38.08399963378906
2025-07-30,12279.733778448104,37.566001892089844
2025-07-31,9547.10718752861,36.551998138427734
2025-08-01,9727.885539751052,36.7869987487793
2025-08-04,9733.39721590042,37.19200134277344
2025-08-05,9620.961335191727,37.6870002746582
2025-08-06,9680.485965862274,37.76599884033203
2025-08-07,9652.928636360168,38.15800094604492
2025-08-08,9822.68468752861,38.41699981689453
2025-08-11,9752.136704559325,37.6619987487793
2025-08-12,9939.529488658905,37.89899826049805
2025-08-13,9881.10656247139,38.499000549316406
2025-08-14,9842.525880670548,37.981998443603516
2025-08-15,9872.288721628189,37.89400100708008
2025-08-18,9825.990852222441,37.95100021362305
2025-08-19,9720.169403390884,37.26100158691406
2025-08-20,9757.648380708693,37.70500183105469
2025-08-21,9769.773437490463,38.027000427246094
2025-08-22,9805.047954597472,39.00299835205078
2025-08-25,9846.934801092148,38.676998138427734
2025-08-26,9811.661335229874,38.582000732421875
2025-08-27,9732.29551141739,38.68899917602539
2025-08-28,9840.321420459746,39.189998626708984
2025-08-29,9961.575142011641,40.20000076293945
2025-09-02,10074.011022720337,41.07099914550781
2025-09-03,10049.759857912062,41.54199981689453
2025-09-04,9894.334374980926,40.9109992980957
2025-09-05,9882.209318199157,41.07400131225586
2025-09-08,9899.846051130295,41.42599868774414
2025-09-09,9922.994460210799,40.87799835205078
2025-09-10,10031.021420497893,41.132999420166016
2025-09-11,10120.307840881347,41.696998596191406
2025-09-12,10115.898920459747,42.387001037597656
2025-09-15,10263.608267030715,42.516998291015625
2025-09-16,10214.004232931136,42.47100067138672
2025-09-17,10077.318238658905,41.72200012207031
2025-09-18,10011.17917611122,41.707000732421875
2025-09-19,10072.908266992568,42.5359992980957
2025-09-22,10081.727159080505,43.79899978637695
2025-09-23,10107.08002837181,44.19200134277344
2025-09-24,10477.456676149368,43.777000427246094
2025-09-25,10361.713579502106,44.696998596191406
2025-09-26,10395.885340881347,46.22100067138672
2025-09-29,10672.565596609114,46.61199951171875
2025-09-30,10593.198721551895,46.25299835205078
2025-10-01,10649.41718752861,47.290000915527344
2025-10-02,10798.228238582611,46.0
2025-10-03,11150.96815342903,47.59700012207031
2025-10-06,10994.439914770126,48.082000732421875
2025-10-07,11128.921448831557,47.17900085449219
2025-10-08,11124.512528409958,48.65599822998047
2025-10-09,11189.548835229873,46.849998474121094
2025-10-10,10689.099573812484,46.9379997253418
2025-10-13,11244.66454547882,50.130001068115234
2025-10-14,10980.110397777556,50.31399917602539
2025-10-15,10961.370909118652,51.073001861572266
2025-10-16,10930.506363677978,53.02299880981445
2025-10-17,10872.083437490463,49.86399841308594
2025-10-20,11018.691079578399,51.11899948120117
2025-10-21,10868.776221551894,47.45000076293945
2025-10-22,10937.11974431038,47.46099853515625
2025-10-23,11203.878352222442,48.481998443603516
2025-10-24,11229.232272758483,48.37699890136719
2025-10-27,11332.84926137924,46.5620002746582
2025-10-28,11332.84926137924,47.125
2025-10-29,11537.878778409957,47.72100067138672
2025-10-30,11195.06051137924,48.428001403808594
2025-10-31,11167.5021306324,47.99399948120117
2025-11-03,11126.716988620758,47.88800048828125
2025-11-04,10859.958380708695,47.130001068115234
2025-11-05,10941.528664731979,47.862998962402344
2025-11-06,10902.947982931137,47.79399871826172
2025-11-07,10886.414005727767,48.016998291015625
2025-11-10,11214.901704521179,50.176998138427734
2025-11-11,11130.024204559326,50.61800003051758
2025-11-12,11220.413380670547,53.332000732421875
2025-11-13,11216.004460248947,53.07400131225586
2025-11-14,11132.228664770126,50.59000015258789
2025-11-17,11023.099999999999,50.625
2025-11-18,10940.426960248946,50.45000076293945
2025-11-19,11040.736732931136,50.790000915527344
2025-11-20,10933.812528371811,50.24700164794922
2025-11-21,11041.839488658905,49.87300109863281
2025-11-24,10939.32420452118,50.29499816894531
2025-11-25,11021.997244272232,50.933998107910156
2025-11-26,11253.48238632202,52.91600036621094
2025-11-28,11432.0573295784,56.44599914550781
2025-12-01,11505.911477241516,58.417999267578125
2025-12-02,11378.043323812484,57.983001708984375
2025-12-03,11702.123153429031,57.92100143432617
2025-12-04,11665.746931838989,56.84700012207031
2025-12-05,11865.264772720337,58.422000885009766
2025-12-08,11826.684090919494,57.77899932861328
2025-12-09,11553.311051130295,60.16899871826172
2025-12-10,11630.47241473198,60.37900161743164
2025-12-11,11964.472840919494,63.92900085449219
2025-12-12,11648.110198907852,61.36199951171875
2025-12-15,11769.363920459748,62.939998626708984
2025-12-16,11655.82633526802,62.70000076293945
2025-12-17,11824.479630708694,66.23699951171875
2025-12-18,11831.093011341094,64.59200286865234
2025-12-19,11992.0301704216,66.84500122070312
2025-12-22,11987.62125,67.90599822998047
2025-12-23,12072.498749961853,70.48500061035156
2025-12-24,12122.102784061432,71.03099822998047
2025-12-26,12712.941221590041,76.48600006103516
2025-12-29,12104.466051130294,69.85600280761719
2025-12-30,12626.96096590042,77.3740005493164
2025-12-31,12412.010852298736,70.13400268554688
2026-01-02,12434.056505651473,70.55599975585938
2026-01-05,13061.271164770125,76.16400146484375
2026-01-06,13250.868409080505,80.52999877929688
2026-01-07,12806.63761363983,77.13500213623047
2026-01-08,12668.84886363983,74.71600341796875
2026-01-09,12909.152897777556,78.88400268554688
2026-01-12,13194.650994348525,84.61000061035156
2026-01-13,13161.580937452316,85.87699890136719
2026-01-14,13247.561193141937,90.86900329589844
2026-01-15,13113.079659080504,91.8759994506836
2026-01-16,12761.442499961853,88.09100341796875
2026-01-20,12727.27073858261,94.20600128173828
2026-01-21,12631.369886322022,92.20999908447266
2026-01-22,12660.029971551894,95.97599792480469
2026-01-23,13031.508323812484,100.92500305175781
2026-01-26,13192.446534137725,115.08000183105469
2026-01-27,12849.627215862274,105.52300262451172
2026-01-28,12990.723181800842,113.11100006103516
2026-01-29,13614.630624980926,114.03700256347656
2026-01-30,13000.64377837181,78.29000091552734
2026-02-02,12790.102585191726,76.77799987792969
2026-02-03,13365.508749999999,83.04199981689453
2026-02-04,12844.116590957641,84.16500091552734
2026-02-05,12784.590909042357,76.52899932861328
2026-02-06,12926.789630708694,76.73500061035156
2026-02-09,13106.466278448104,82.06500244140625
2026-02-10,12998.43931816101,80.21800231933594
2026-02-11,13115.284119291306,83.75399780273438
2026-02-12,12722.86181816101,75.5459976196289
2026-02-13,12770.261392049788,77.85099792480469
2026-02-17,12418.624232931137,73.4469985961914
2026-02-18,12772.46585226059,77.50900268554688
2026-02-19,12632.472642049788,77.56500244140625
2026-02-20,12855.138892011642,82.28299713134766
2026-02-23,12727.27073858261,86.52300262451172
2026-02-24,13057.963948831557,87.45700073242188
2026-02-25,13182.52488632202,90.93900299072266
2026-02-26,13110.875198869704,86.99800109863281
2026-02-27,13237.640596570967,92.68199920654297
2026-03-02,12995.132102222442,88.28399658203125
2026-03-03,12728.37349431038,82.9229965209961
2026-03-04,12908.05014204979,82.63300323486328
2026-03-05,12683.1783806324,81.68699645996094
2026-03-06,12691.997272720337,83.81600189208984
2026-03-09,12787.898124980926,84.03199768066406
2026-03-10,13016.076051092146,89.08300018310547
2026-03-11,12887.106193180083,85.06500244140625
2026-03-12,12840.809375019073,84.66999816894531
2026-03-13,12598.300880670547,80.91400146484375
2026-03-16,12765.852471628188,80.26300048828125
2026-03-17,12624.75650568962,79.52999877929688
2026-03-18,12244.459261341095,77.23799896240234
2026-03-19,11977.70065342903,70.9020004272461
2026-03-20,11778.182812547682,69.36000061035156
2026-03-23,11992.0301704216,69.04900360107422
2026-03-24,11954.552244348526,69.27400207519531
2026-03-25,12189.343551092148,72.36100006103516
2026-03-26,12007.462443141936,67.6709976196289
2026-03-27,12052.657556819915,69.54499816894531
2026-03-30,12072.498749961853,70.3239974975586
2026-03-31,12318.314460248946,74.69000244140625
2026-04-01,12398.7830397892,75.86699676513672
2026-04-02,12264.301505727768,72.73500061035156
2026-04-06,12309.49556816101,72.66100311279297
2026-04-07,12223.515312471389,71.82599639892578
2026-04-08,12697.508948869705,75.2239990234375
2026-04-09,12672.156079578399,76.2770004272461
2026-04-10,12942.22190342903,76.3239974975586
2026-04-13,13174.808749961852,75.52300262451172
2026-04-14,13383.145482931137,79.39099884033203
2026-04-15,13386.452698869705,79.49099731445312
2026-04-16,13374.327642087936,78.60600280761719
2026-04-17,13455.89792611122,81.73799896240234
2026-04-20,13307.085823812484,79.95099639892578
2026-04-21,13231.027215938568,76.41100311279297
2026-04-22,13492.274147701262,77.89299774169922
2026-04-23,13394.168835229873,75.46499633789062
2026-04-24,13279.528494310378,76.38300323486328
2026-04-27,13267.40343752861,75.00299835205078
2026-04-28,13039.225511417388,73.20500183105469
2026-04-29,12959.858636360168,71.56900024414062
2026-04-30,13064.578380708694,73.53399658203125
2026-05-01,13077.80619321823,75.95099639892578
2026-05-04,12775.773068199158,73.0719985961914
2026-05-05,13102.056306781767,73.10800170898438
2026-05-06,13528.650369291305,76.81099700927734
2026-05-07,13508.809176149367,79.70099639892578
2026-05-08,13776.670539789198,80.3949966430664
2026-05-11,14139.329999961852,85.48500061035156
2026-05-12,14296.960994348525,85.12999725341797
2026-05-13,14628.755909080504,88.88800048828125
2026-05-14,14478.842102298735,84.91200256347656
2026-05-15,13782.182215938568,77.16100311279297
2026-05-18,13827.37627837181,77.072998046875
2026-05-19,13591.48221590042,74.8280029296875
2026-05-20,13868.162471628188,75.85099792480469
2026-05-21,13794.307272720336,76.41400146484375
2026-05-22,13981.700056819915,75.89299774169922
2026-05-26,14023.587954559325,76.30500030517578
2026-05-27,13900.128721551895,74.5989990234375
2026-05-28,14100.74931816101,75.6449966430664
2026-05-29,14020.280738620757,75.61599731445312
2026-06-01,14382.941250038146,75.00700378417969
2026-06-02,14659.620454521179,75.31099700927734
2026-06-03,14288.142102260588,73.47599792480469
2026-06-04,14354.281164808273,73.77899932861328
2026-06-05,13808.637840957641,68.94300079345703
2026-06-08,13954.142727317809,68.42500305175781
2026-06-09,13894.617045402527,65.09400177001953
2026-06-10,13776.670539789198,64.5989990234375
2026-06-11,13798.716193141936,63.8849983215332
2026-06-12,14176.808977279663,67.85900115966797
2026-06-15,14291.449318199157,70.06600189208984
2026-06-16,14305.778835191726,69.89900207519531
2026-06-17,14289.244857988357,70.69599914550781
2026-06-18,14053.349744272231,66.25499725341797
2026-06-22,14013.667357988357,65.5270004272461
2026-06-23,13538.570965862273,62.02000045776367
2026-06-24,13102.056306781767,58.051998138427734
2026-06-25,13383.145482931137,58.347999572753906
2026-06-26,13539.673721590041,59.21699905395508
2026-06-29,13442.670113601684,58.17499923706055
2026-06-30,13652.109602298737,59.47700119018555
2026-07-01,13499.99028406143,60.084999084472656
2026-07-02,13480.149090919494,60.643001556396484
2026-07-06,13620.142301130294,61.91999816894531
2026-07-07,13605.812784137725,60.930999755859375
2026-07-08,13347.872017068863,58.16400146484375
2026-07-09,13701.713636398315,60.37799835205078
2026-07-10,13742.498778409958,59.808998107910156
2026-07-13,13741.39602268219,57.63399887084961
2026-07-14,13955.244431800842,58.77199935913086
2026-07-15,13874.775852260589,57.11000061035156
2026-07-16,13880.287528409957,55.89799880981445
2026-07-17,13712.735937452315,56.03799819946289
2026-07-20,13886.900909042357,56.801998138427734
2026-07-21,14354.281164808273,58.834999084472656
2026-07-22,14222.00409095764,60.01900100708008
2026-07-23,13900.128721551895,57.79800033569336
2026-07-24,13933.198778448104,58.65599822998047
2026-07-27,13975.086676187515,58.47200012207031
2026-07-28,13937.607698869704,57.29600143432617
2026-07-29,13830.683494310379,57.862998962402344
2026-07-30,14207.673522720335,58.814998626708984
2026-07-31,14188.93403406143,57.590999603271484
2026-08-03,14360.894545440673,57.66699981689453
2026-08-04,14591.27798300743,60.055999755859375
2026-08-05,14777.56801137924,62.0989990234375
2026-08-06,14742.293494272231,61.43899917602539
2026-08-07,14485.455482931136,63.332000732421875
2026-08-10,14538.366732969283,65.10600280761719
2026-08-11,14576.947414770126,64.76899719238281
2026-08-12,14543.878409118652,65.55500030517578
2026-08-13,14533.957812547684,64.87300109863281
2026-08-14,14549.39008526802,64.98799896240234
2026-08-17,14559.310681838988,66.12100219726562
2026-08-18,14291.449318199157,63.941001892089844
2026-08-19,14302.472670497893,65.73400115966797
2026-08-20,14241.845284099578,68.0260009765625
2026-08-21,14505.29772731781,69.46600341796875
2026-08-24,14548.287329540251,68.54100036621094
2026-08-25,14791.89752837181,68.63600158691406
2026-08-26,14538.366732969283,67.98999786376953
2026-08-27,14521.831704521179,69.42900085449219
2026-08-28,14466.715994272232,66.99500274658203
2026-08-31,14536.162272758484,66.22100067138672
2026-09-01,14344.359516992568,64.61799621582031
2026-09-02,14332.234460210799,64.7229995727539
2026-09-03,14499.786051168441,66.9729995727539
2026-09-04,14543.878409118652,66.0469970703125
2026-09-08,14856.933835191727,66.2969970703125
2026-09-09,14999.132556858061,67.94200134277344
2026-09-10,14257.277556819916,64.28399658203125
2026-09-11,14262.789232969284,64.55400085449219
2026-09-14,13955.244431800842,63.51300048828125
2026-09-15,14040.12298300743,63.236000061035156
2026-09-16,14179.013437490463,64.28800201416016
2026-09-17,14520.730000038146,65.47000122070312
2026-09-18,14583.560795402525,66.55599975585938
2026-09-21,14741.1917897892,65.82499694824219
2026-09-22,14902.128948869704,65.93199920654297
2026-09-23,14722.452301130294,64.38200378417969
2026-09-24,14811.739772758483,63.457000732421875
2026-09-25,14761.032982931136,64.24500274658203
2026-09-28,14475.534886360168,61.220001220703125
2026-09-29,14425.93085226059,60.667999267578125
2026-09-30,14460.10261363983,60.097999572753906
2026-10-01,14290.34656247139,60.724998474121094
2026-10-02,14438.055909042358,60.415000915527344
